page,source_file,sha256,status,role_defect,role_instances,guard_instances,guard_failures,conflict_signal,conflict_routing_ok,authority_defect
asset_utilization.rst,06_wrong_denominator.sql,9deef3f28943b3fe683084690a65392ecac7cda554bce48de75ae6821ae47513,Needs Review,False,0,0,0,True,True,True
audit_clean_control.rst,20_audit_clean_control.py,bd8d885ae969a5b8025cb3a9537ba1ec191d5c6d9477cba8765d5f2aa2057ab8,Validated,False,0,0,0,False,False,False
clean_abap_kpi.rst,03_clean_abap_kpi.abap,5dbadc74034daeacf4a718c55556c59a6d41e56856fc5b49b24da48d67d7152c,Validated,True,8,0,0,False,False,False
clean_python_kpi.rst,11_bug_kpi.py,2d9164d830a0e83958a6ea263337e4375334130ca9fa0baa659883eacc540fad,Needs Review,False,0,0,0,False,False,True
clean_sql_kpi.rst,02_clean_sql_kpi.sql,e5faf15e293649cb7d58fb6b569c043c2e1d92211fddf152a594b64adbd66913,Validated,False,0,0,0,False,False,False
explicit_latex.rst,35_explicit_latex.py,7dea19843a5b259c50d49c0d97fc25f3a66237921dd76b6d5cf8fb43cacf31c8,Validated,False,0,0,0,False,False,False
gdpr_alarm_only.rst,25_compliance_alarm_only.py,0da8a0e37f0be1b3523d4ad4bf10575702a7fb8644007321d59efec711a7826e,Needs Review,False,0,0,0,False,False,True
gdpr_clean_control.rst,21_gdpr_clean_control.py,8b40e309df2d7b71af7b05b911eb9dded8f5c1675f57970a48927b6c1390fb2a,Validated,False,0,0,0,False,False,False
gdpr_data_export_violation.rst,16_gdpr_data_export_violation.py,202aaca9cd7fd733da0a044ee30b7e22af0dfd9f63487d9834d01712da56d46a,Needs Review,False,0,0,0,False,False,True
greek_symbols_formula.rst,38_greek_symbols.py,4bd0c6e729dd0f797ed16f4e277c3a4eba304a19eb99948d49da10d1b16b7082,Validated,False,0,0,0,False,False,False
multiplication_formula.rst,31_multiplication_formula.sql,ab84609bd3fc37bb913d353247159dfb426ac2919f658f74822b170120fabbef,Validated,False,0,0,0,False,False,False
nca_audit_gap.rst,15_nca_audit_gap.py,a04e446769f729b673a71ded829fc6dd652c034ed5e43dbcf57885b0d0a0dc55,Needs Review,False,0,0,0,False,False,True
nca_restricted_clean_control.rst,19_nca_restricted_clean_control.py,150612721e4afcc545c1febc7b3ef66b2cd89ac146390ae33201e7e349b4388e,Validated,False,0,0,0,False,False,False
nca_restricted_execution.rst,14_nca_restricted_exec.py,21a361f826b427f52a9d4ac76bbcf983afb7147f005ea7abb9fc5080d4956061,Needs Review,False,0,0,0,False,False,True
nps_pattern_formula.rst,34_case_sum_count.sql,5cc059118917ae0781c1fd9d75398f779e8881690b64ee07e8c4c47de79dfd84,Validated,False,0,0,0,False,False,False
nullif_denominator_formula.rst,33_nullif_denominator.sql,b1cb90481a187303e7471817b2ef8372c8428bf6606cc1a5882db4f6ea30eab4,Validated,False,0,1,0,False,False,False
owner_confirmation_required.rst,27_owner_confirmation_required.py,de241434eafe0e34cd88de6c9efecc4ebbd58b18dd37e970a2b39307795dd03e,Needs Review,False,0,0,0,False,False,True
pdpl_clean_control.rst,18_pdpl_clean_control.py,ad9b092eb52e752cd0deab78c3785f5e1b0ff4dacd7ca3e3889906eda002ded0,Validated,False,0,0,0,False,False,False
pdpl_pii_violation.rst,13_pdpl_pii_violation.py,0497a218dbe997a4ec47be46028e34f026e1565f487b78a2f3789256d7f875b1,Needs Review,False,0,0,0,False,False,True
percentage_ratio.rst,30_percentage_ratio.sql,549bbdcad0da7b408861539bd015164db46c881a76a868c03850259f86337ddf,Validated,False,0,0,0,False,False,False
simple_ratio.rst,29_simple_ratio.sql,472f3fda16002a3d80eccad0573fe3241fcb5dd2ba2c030d2960fff488a4b3de,Validated,False,0,0,0,False,False,False
soc2_clean_control.rst,22_soc2_clean_control.py,0d47f79214be5e865dc1db42d57e12823a3d6070d0d69b109eae73aebd4ee4ab,Validated,False,0,0,0,False,False,False
soc2_unsigned_lineage.rst,17_soc2_unsigned_lineage.py,76de0136ec16892942dbdcbc993ea92d285d08f8a23b9c364567e828802b0e43,Needs Review,False,0,0,0,False,False,True
subtraction_formula.rst,32_subtraction_formula.sql,9f4eb4126e7f382edf8c68178dbf2bb0c06db1e342d4989f7b13eb96afb250d4,Validated,False,0,0,0,False,False,False
technical_review_only.rst,26_technical_review_only.py,ffe0b3c6c500bdc4eefc7ada5d359686ed42ca836bbaf51242c8bb1a32f81501,Needs Review,False,0,0,0,False,False,True
underscores_formula.rst,36_formula_with_underscores.sql,2df82a263fe2c8384699928b132f3bce2945e5c32d0c94801313cad3b1e1a31f,Validated,False,0,0,0,False,False,False
units_formula.rst,37_formula_with_units.py,60cd49dccc2a09646624449348cc56bbb9a0c5410bcda580545b2de125f3bc3c,Validated,False,0,0,0,False,False,False
validated_clean.rst,28_validated_clean.sql,0035c7e16ff870f0d9bca2c6d8e9fdb840e3156e62174f73d7d75f9bc1618040,Validated,False,0,0,0,False,False,False
yield_rate.rst,23_formula_conflict_and_todo.sql,44905aeec2d5e3557014512c03cec6340fa9e0e5edcdfbcad04525563a9a7cb5,Needs Review,False,0,0,0,True,True,True
