dossier,sha256_html,status,lineage_typing_defect,lineage_error_instances,guard_instances,guard_preserved,guard_failures,guard_binding_defect,explicit_conflict,conflict_routing_ok,authority_applicable,authority_language_defect,certification_phrases
audit_trail_completeness.html,8b05271e4b95aa9e5e0e70ab25e8dfa16a2682ddecd71fecf3197a64d3acce18,Needs Review,False,0,0,0,0,False,False,False,True,True,Certified metric dossier | certified formula | certifies the KPI definition | Print Certified Dossier
catalyst_replacement_frequency.html,ca210f875cff358b380538a50684ed52e73e0145dd2c9344a3ee1af00c63a41d,Needs Review,False,0,0,0,0,False,True,True,True,True,Certified metric dossier | certified formula | certifies the KPI definition | certified calculation expression | Print Certified Dossier
compressor_vibration_index.html,39d5421cf0b25eb169d69cfa6d79a4f48038630d464a8cab54fdfed02f3b453d,Needs Review,False,0,1,0,1,True,True,True,True,True,Certified metric dossier | certified formula | certifies the KPI definition | certified calculation expression | Print Certified Dossier
cooling_water_deltat_c.html,45ab9e060c1f98b3f9b244264e94e4a8bd7504aee6cba8ff0b14e02c31890b9d,Needs Review,False,0,0,0,0,False,False,False,True,True,Certified metric dossier | certified formula | certifies the KPI definition | Print Certified Dossier
customer_activity_index.html,960aabdfbc41d3e1a69c073537484e504dda9da05a694b933b29267d306ae0a5,Needs Review,False,0,0,0,0,False,False,False,True,True,Certified metric dossier | certified formula | certifies the KPI definition | Print Certified Dossier
daily_feedstock_throughput_tonsday.html,d145abe1e3c3cd42823c1ae2ba5dd4aabc1a4edb6e154b52321f507041b95f21,Validated,False,0,1,1,0,False,False,False,False,False,Certified metric dossier | certified formula | certifies the KPI definition | certified calculation expression | Print Certified Dossier
ethylene_production_yield.html,0a217434501cbc54b35da7b46d8306ff3f472b5d7258da9471c5c36b14ae1f55,Validated,True,1,1,0,1,True,False,False,False,False,Certified metric dossier | certified formula | certifies the KPI definition | certified calculation expression | Print Certified Dossier
eu_data_export_volume.html,c1e5f9075567a0215489b100bdef6c24307a9dc2d3294fa3cc73f52f834d7be6,Needs Review,False,0,0,0,0,False,False,False,True,True,Certified metric dossier | certified formula | certifies the KPI definition | Print Certified Dossier
flare_emission_recovery_rate.html,57980646b9d32e361ae576683a96a81bb0871546621c77ef1dbd9af9bfa6cafa,Needs Review,True,9,0,0,0,False,True,True,True,True,Certified metric dossier | certified formula | certifies the KPI definition | certified calculation expression | Print Certified Dossier
governed_eu_data_export.html,eb39e7c90b797c9b840ed96263ade1bb94e311ae66c3e9200445b96b1fd80f3f,Validated,False,0,0,0,0,False,False,False,False,False,Certified metric dossier | certified formula | certifies the KPI definition | certified calculation expression | Print Certified Dossier
governed_inventory_modification.html,27ac39cd8f54e5047dbceb3394045e399d93f523469b2c3bcde04d7b01e6735b,Validated,False,0,0,0,0,False,False,False,False,False,Certified metric dossier | certified formula | certifies the KPI definition | certified calculation expression | Print Certified Dossier
gross_margin_percentage.html,83b4dcc240818a783156c38bb3cc7572ad2a2796a2a5c2fe8b69115b9d0cd479,Needs Review,False,0,1,0,1,True,True,True,True,True,Certified metric dossier | certified formula | certifies the KPI definition | certified calculation expression | Print Certified Dossier | certified implementation path
hse_safety_incident_rate.html,d126416b6a3137226560259c1b645f814ce373fdc544e339a1f1809604645a21,Needs Review,False,0,0,0,0,False,True,True,True,True,Certified metric dossier | certified formula | certifies the KPI definition | certified calculation expression | Print Certified Dossier
inventory_modification_gap.html,18879b0c6374d1bfbb148c10fe5a0ba713ace5e06b305cf335b976f16c4d1ee7,Needs Review,False,0,0,0,0,False,False,False,True,True,Certified metric dossier | certified formula | certifies the KPI definition | Print Certified Dossier
kpi_flare_recovery_pct.html,95ab11bf2298b4ac34e40a87a45e101b4f5e69cfb3f9dba3e06c1b20aae1474c,Needs Review,False,0,1,1,0,False,False,False,True,True,Certified metric dossier | certified formula | certifies the KPI definition | Print Certified Dossier
maintenance_to_operating_cost_ratio.html,bff0b423684c938fa05b3830458de806c86d1e21e0a4d1cbf6b09fcfe88b05ea,Needs Review,False,0,0,0,0,False,False,False,True,True,Certified metric dossier | certified formula | certifies the KPI definition | Print Certified Dossier
masked_customer_activity_index.html,dd107df81d997ce46d225a0501f213fcbd162cd61ec919d1994864aa8ccf032e,Needs Review,False,0,0,0,0,False,False,False,True,True,Certified metric dossier | certified formula | certifies the KPI definition | Print Certified Dossier
mean_time_between_failures_mtbf.html,089e6462e7e88099f27ba96aeadd20770145a95f4d846f4918b4cff922f108dd,Validated,False,0,1,0,1,True,False,False,False,False,Certified metric dossier | certified formula | certifies the KPI definition | certified calculation expression | Print Certified Dossier
oee.html,8cea3a5a503613c47e0a6c0da09297af6192444c8bcf333346d29a383b495d55,Needs Review,False,0,0,0,0,False,False,False,True,True,Certified metric dossier | certified formula | certifies the KPI definition | Print Certified Dossier
onspec_rate.html,abd1f7cfc97aafc00eb4ee1c26edc62c43a6cc168a9369f4d8f400e924023041,Validated,True,1,1,1,0,False,False,False,False,False,Certified metric dossier | certified formula | certifies the KPI definition | certified calculation expression | Print Certified Dossier
polymer_melt_flow_index_mfi_variance.html,8acd1aa1f7c1950aefd36eda33b5e733c8c05419c087b47377f7cd382720ae72,Needs Review,True,1,0,0,0,False,False,False,True,True,Certified metric dossier | certified formula | certifies the KPI definition | certified calculation expression | Print Certified Dossier
procurement_contract_compliance_rate.html,0f859ca4cb059ea8a308fda970873252692d58a401b2820d8ce28f1912775174,Needs Review,False,0,0,0,0,False,True,True,True,True,Certified metric dossier | certified formula | certifies the KPI definition | Print Certified Dossier
propylene_to_ethylene_pe_ratio.html,9d80613f4bdf8d3dbb97384b0050997c22628442e9338a0264c94de4e87dc07c,Needs Review,False,0,1,1,0,False,False,False,True,True,Certified metric dossier | certified formula | certifies the KPI definition | Print Certified Dossier
runtime_execution_latency.html,a7a3ecf226684d3b323ca8f37904a59745074bcc55444940e89eafbbb9df1869,Needs Review,False,0,0,0,0,False,False,False,True,True,Certified metric dossier | certified formula | certifies the KPI definition | Print Certified Dossier
safe_execution_latency.html,42ec45c20621919e0fe0e829e1eddc2f9e0faedd06cb9951ad8ac9e37b4257f5,Needs Review,False,0,0,0,0,False,False,False,True,True,Certified metric dossier | certified formula | certifies the KPI definition | Print Certified Dossier
signed_lineage_audit_trail.html,9fd5e4462364502f161d72a00ad396568c0f5c8eaf26025ba76901f7f9eca463,Validated,False,0,0,0,0,False,False,False,False,False,Certified metric dossier | certified formula | certifies the KPI definition | certified calculation expression | Print Certified Dossier
specific_catalyst_cost_ton.html,751da895b4afe1ba9bc42915505921f55c47b58fcc065b3c129832d35a404c7e,Validated,False,0,1,1,0,False,False,False,False,False,Certified metric dossier | certified formula | certifies the KPI definition | certified calculation expression | Print Certified Dossier
yield_percentage.html,8227630320c462d8f9f48f05b4cf75422e194acfa27c32070d73f82b2bba8382,Validated,False,0,1,0,1,True,False,False,False,False,Certified metric dossier | certified formula | certifies the KPI definition | certified calculation expression | Print Certified Dossier
