Item,Category,Count,N
Misinterpretation frequency,Daily,16,60
Misinterpretation frequency,Weekly,26,60
Misinterpretation frequency,Monthly,18,60
Misinterpretation frequency,Rarely,0,60
Misinterpretation frequency,Never,0,60
Expected error reduction,"Yes, significantly",30,60
Expected error reduction,Slightly,11,60
Expected error reduction,No change,6,60
Expected error reduction,Unsure,13,60
Expected time saved,Less than 1 hour,18,60
Expected time saved,1–4 hours,11,60
Expected time saved,5–8 hours,28,60
Expected time saved,1 day or more,3,60
